{
  "rmse": 0.640858654118074,
  "mae": 0.4119096100330353,
  "accuracy": 1.0
}